{
  "id": "hivpr-10",
  "target": "hivpr",
  "ligand": "CHEMBL80556",
  "seed": 20260786,
  "heavyAtoms": 36,
  "torsions": 7,
  "cpuSeconds": 12.696803959000041,
  "cpuScore": -9.139,
  "metalProcessSeconds": 5.766785583000048,
  "metalSearchSeconds": 4.3368,
  "vinaRefinementSeconds": 0.9117999999999999,
  "hybridScore": -9.357,
  "scoreDelta": -0.21799999999999997,
  "poseRmsd": 0.7112332989642397
}
