{
  "id": "hivpr-07",
  "target": "hivpr",
  "ligand": "CHEMBL80556",
  "seed": 20260783,
  "heavyAtoms": 36,
  "torsions": 7,
  "cpuSeconds": 18.48426216699998,
  "cpuScore": -8.931,
  "metalProcessSeconds": 5.210708249999909,
  "metalSearchSeconds": 3.7914,
  "vinaRefinementSeconds": 0.8846,
  "hybridScore": -9.406,
  "scoreDelta": -0.4750000000000014,
  "poseRmsd": 0.7568107425241796
}
