case,cpu_seconds,metal_seconds,hybrid_seconds,search_speedup,hybrid_speedup,cpu_score,metal_grid_score,refined_score,refined_score_delta,refined_vs_cpu_rmsd
1iep,8.680865416000005,2.893980499999998,3.4025134169999984,2.9996281647371195,2.5513096796702532,-13.23,-12.472,-13.222,0.008000000000000895,0.8577174927079995
1fpu_rigid,9.99087225,2.9352557090000047,3.441159042000014,3.4037485113703205,2.9033451020599355,-11.91,-10.811,-11.353,0.5570000000000004,1.0008817733999975
1s63,4.828417915999991,1.8926330000000016,2.4221105410000017,2.5511643916173856,1.9934754563293022,-9.011,-8.644,-8.929,0.08199999999999896,0.1659393324952409
5x72_p59,1.8625448340000004,1.3416214580000088,1.8295950000000158,1.388278953719588,1.0180093594483939,-10.98,-10.633,-10.904,0.07600000000000051,0.08764178987978984
5x72_p69,1.939715458000006,1.3321084580000024,1.8221744999999938,1.4561242715268476,1.064505873614197,-10.47,-9.962,-10.313,0.15700000000000003,0.07466145815166848
