{
  "id": "gcr-18",
  "target": "gcr",
  "ligand": "CHEMBL49632",
  "seed": 20260774,
  "heavyAtoms": 30,
  "torsions": 3,
  "cpuSeconds": 6.258431540999969,
  "cpuScore": -10.14,
  "metalProcessSeconds": 2.9065663339999737,
  "metalSearchSeconds": 1.5406,
  "vinaRefinementSeconds": 0.7323,
  "hybridScore": -10.118,
  "scoreDelta": 0.02200000000000024,
  "poseRmsd": 0.12435540465402639
}
